{
  "homebrew_version": "4.5.10-67-ge804860",
  "used_options": [],
  "unused_options": [],
  "built_as_bottle": true,
  "poured_from_bottle": true,
  "loaded_from_api": true,
  "installed_as_dependency": true,
  "installed_on_request": true,
  "changed_files": [
    "bin/autopoint",
    "bin/gettextize",
    "libexec/gettext/user-email",
    "share/doc/gettext/examples/hello-c++-kde/autogen.sh",
    "share/doc/gettext/examples/hello-c++-kde/admin/acinclude.m4.in",
    "share/doc/gettext/examples/hello-c++-kde/admin/libtool.m4.in",
    "share/doc/gettext/examples/hello-c++-qt/m4/qt.m4",
    "share/doc/gettext/examples/installpaths",
    "share/gettext/m4/build-to-host.m4",
    "share/gettext/m4/lib-link.m4",
    "share/gettext/m4/lib-prefix.m4",
    "share/man/man1/gettext.1",
    "share/man/man1/ngettext.1",
    "share/man/man1/printf_gettext.1",
    "share/man/man1/printf_ngettext.1"
  ],
  "time": 1755817856,
  "source_modified_time": 1752955463,
  "compiler": "clang",
  "aliases": [],
  "runtime_dependencies": [
    {
      "full_name": "libunistring",
      "version": "1.3",
      "revision": 0,
      "bottle_rebuild": 0,
      "pkg_version": "1.3",
      "declared_directly": true
    }
  ],
  "source": {
    "spec": "stable",
    "versions": {
      "stable": "0.26",
      "head": null,
      "version_scheme": 0
    },
    "path": "/Users/mani/Library/Caches/Homebrew/api/formula.jws.json",
    "tap_git_head": null,
    "tap": "homebrew/core"
  },
  "arch": "x86_64",
  "built_on": {
    "os": "Macintosh",
    "os_version": "macOS 13.7",
    "cpu_family": "penryn",
    "xcode": "15.2",
    "clt": "15.1.0.0.1.1700200546",
    "preferred_perl": "5.30"
  }
}