{
  "SPDXID": "SPDXRef-DOCUMENT",
  "spdxVersion": "SPDX-2.3",
  "name": "SBOM-SPDX-gettext-0.26",
  "creationInfo": {
    "created": "2025-08-21T23:10:56Z",
    "creators": [
      "Tool: https://github.com/Homebrew/brew@4.5.10"
    ]
  },
  "dataLicense": "CC0-1.0",
  "documentNamespace": "https://formulae.brew.sh/spdx/gettext-0.26.json",
  "documentDescribes": [
    "SPDXRef-Archive-gettext-src",
    "SPDXRef-Package-SPDXRef-libunistring-1.3",
    "SPDXRef-Compiler",
    "SPDXRef-Bottle-gettext"
  ],
  "files": [],
  "packages": [
    {
      "SPDXID": "SPDXRef-Archive-gettext-src",
      "name": "gettext",
      "versionInfo": "0.26",
      "filesAnalyzed": false,
      "licenseDeclared": "NOASSERTION",
      "builtDate": "2025-07-19 20:04:23 UTC",
      "licenseConcluded": "GPL-3.0-or-later",
      "downloadLocation": "https://ftpmirror.gnu.org/gnu/gettext/gettext-0.26.tar.gz",
      "copyrightText": "NOASSERTION",
      "externalRefs": [],
      "checksums": [
        {
          "algorithm": "SHA256",
          "checksumValue": "39acf4b0371e9b110b60005562aace5b3631fed9b1bb9ecccfc7f56e58bb1d7f"
        }
      ]
    },
    {
      "SPDXID": "SPDXRef-Package-SPDXRef-libunistring-1.3",
      "name": "libunistring",
      "versionInfo": "1.3",
      "filesAnalyzed": false,
      "licenseDeclared": "NOASSERTION",
      "licenseConcluded": "GPL-2.0-only OR LGPL-3.0-or-later",
      "downloadLocation": "https://ghcr.io/v2/homebrew/core/libunistring/blobs/sha256:9aebb86a6fb622dd2699db2b1b65c82d1b5aaa35f81d0ae4335c57e9411c36e0",
      "copyrightText": "NOASSERTION",
      "checksums": [
        {
          "algorithm": "SHA256",
          "checksumValue": "9aebb86a6fb622dd2699db2b1b65c82d1b5aaa35f81d0ae4335c57e9411c36e0"
        }
      ],
      "externalRefs": [
        {
          "referenceCategory": "PACKAGE-MANAGER",
          "referenceLocator": "pkg:brew/libunistring@1.3",
          "referenceType": "purl"
        }
      ]
    },
    {
      "SPDXID": "SPDXRef-Compiler",
      "name": "clang",
      "versionInfo": "15.2",
      "filesAnalyzed": false,
      "licenseDeclared": "NOASSERTION",
      "licenseConcluded": "NOASSERTION",
      "copyrightText": "NOASSERTION",
      "downloadLocation": "NOASSERTION",
      "checksums": [],
      "externalRefs": []
    },
    {
      "SPDXID": "SPDXRef-Bottle-gettext",
      "name": "gettext",
      "versionInfo": "0.26",
      "filesAnalyzed": false,
      "licenseDeclared": "NOASSERTION",
      "builtDate": "2025-07-19 20:04:23 UTC",
      "licenseConcluded": "GPL-3.0-or-later",
      "downloadLocation": "https://ghcr.io/v2/homebrew/core/gettext/blobs/sha256:36da5ebc7064150238eb5fd4c9640ee9ef2482cabb9707357d0ab7b198bf9c4f",
      "copyrightText": "NOASSERTION",
      "externalRefs": [
        {
          "referenceCategory": "PACKAGE-MANAGER",
          "referenceLocator": "pkg:brew/homebrew/core/gettext@0.26",
          "referenceType": "purl"
        }
      ],
      "checksums": [
        {
          "algorithm": "SHA256",
          "checksumValue": "36da5ebc7064150238eb5fd4c9640ee9ef2482cabb9707357d0ab7b198bf9c4f"
        }
      ]
    }
  ],
  "relationships": [
    {
      "spdxElementId": "SPDXRef-Package-SPDXRef-libunistring-1.3",
      "relationshipType": "RUNTIME_DEPENDENCY_OF",
      "relatedSpdxElement": "SPDXRef-Bottle-gettext"
    },
    {
      "spdxElementId": "SPDXRef-File-gettext",
      "relationshipType": "PACKAGE_OF",
      "relatedSpdxElement": "SPDXRef-Archive-gettext-src"
    },
    {
      "spdxElementId": "SPDXRef-Compiler",
      "relationshipType": "BUILD_TOOL_OF",
      "relatedSpdxElement": "SPDXRef-Package-gettext-src"
    }
  ]
}